{
  "baselines": {
    "greedy": {
      "10": {
        "mean_value": 0.7549999999999999,
        "std_value": 0.07889866919029746,
        "mean_low_support_mass": 0.4666666666666667,
        "mean_chosen_action_q_error": 0.23776014109347446,
        "mean_action_agreement_mass": 0.6333333333333333,
        "mean_chosen_action_bonus": 0.0
      },
      "20": {
        "mean_value": 0.7483333333333333,
        "std_value": 0.07903937134252914,
        "mean_low_support_mass": 0.23333333333333334,
        "mean_chosen_action_q_error": 0.20111060918594462,
        "mean_action_agreement_mass": 0.6333333333333333,
        "mean_chosen_action_bonus": 0.0
      }
    },
    "support_masked": {
      "10": {
        "mean_value": 0.7849999999999999,
        "std_value": 0.05024937810560443,
        "mean_low_support_mass": 0.0,
        "mean_chosen_action_q_error": 0.07953703703703707,
        "mean_action_agreement_mass": 0.6555555555555556,
        "mean_chosen_action_bonus": 0.0
      },
      "20": {
        "mean_value": 0.75,
        "std_value": 0.08660254037844382,
        "mean_low_support_mass": 0.0,
        "mean_chosen_action_q_error": 0.16393648515036546,
        "mean_action_agreement_mass": 0.6222222222222222,
        "mean_chosen_action_bonus": 0.0
      }
    }
  },
  "pessimistic": {
    "0.000": {
      "10": {
        "mean_value": 0.7549999999999999,
        "std_value": 0.07889866919029746,
        "mean_low_support_mass": 0.4666666666666667,
        "mean_chosen_action_q_error": 0.23776014109347446,
        "mean_action_agreement_mass": 0.6333333333333333,
        "mean_chosen_action_bonus": 0.0
      },
      "20": {
        "mean_value": 0.7483333333333333,
        "std_value": 0.07903937134252914,
        "mean_low_support_mass": 0.23333333333333334,
        "mean_chosen_action_q_error": 0.20111060918594462,
        "mean_action_agreement_mass": 0.6333333333333333,
        "mean_chosen_action_bonus": 0.0
      }
    },
    "0.800": {
      "10": {
        "mean_value": 0.7999999999999999,
        "std_value": 0.0,
        "mean_low_support_mass": 0.0,
        "mean_chosen_action_q_error": -0.27523590096942496,
        "mean_action_agreement_mass": 0.6666666666666666,
        "mean_chosen_action_bonus": 0.5438913829283949
      },
      "20": {
        "mean_value": 0.7999999999999999,
        "std_value": 0.0,
        "mean_low_support_mass": 0.0,
        "mean_chosen_action_q_error": -0.2409373071242737,
        "mean_action_agreement_mass": 0.6666666666666666,
        "mean_chosen_action_bonus": 0.38511551036721176
      }
    },
    "1.200": {
      "10": {
        "mean_value": 0.7999999999999999,
        "std_value": 0.0,
        "mean_low_support_mass": 0.0,
        "mean_chosen_action_q_error": -0.3342506516900985,
        "mean_action_agreement_mass": 0.6666666666666666,
        "mean_chosen_action_bonus": 0.8158370743925922
      },
      "20": {
        "mean_value": 0.7999999999999999,
        "std_value": 0.0,
        "mean_low_support_mass": 0.0,
        "mean_chosen_action_q_error": -0.31880832825184885,
        "mean_action_agreement_mass": 0.6666666666666666,
        "mean_chosen_action_bonus": 0.5776732655508175
      }
    }
  },
  "best_beta_by_size": {
    "10": {
      "best_beta": 0.8,
      "best_value": 0.7999999999999999,
      "best_improvement_over_greedy": 0.04500000000000004,
      "best_low_support_mass": 0.0,
      "best_q_error": -0.27523590096942496
    },
    "20": {
      "best_beta": 0.8,
      "best_value": 0.7999999999999999,
      "best_improvement_over_greedy": 0.05166666666666664,
      "best_low_support_mass": 0.0,
      "best_q_error": -0.2409373071242737
    }
  }
}